{"initial_reset_timestamp": 1558268801.6901672, "timestamps": [1558268803.4026399, 1558268805.8812296, 1558268808.280813, 1558268810.5637074, 1558268811.1820583, 1558268811.8762524, 1558268814.601962, 1558268816.9199045, 1558268818.8628907, 1558268820.5064964], "episode_lengths": [109, 164, 175, 169, 46, 52, 202, 171, 129, 119], "episode_rewards": [898.8999999999996, 1374.8000000000002, 1468.5000000000005, 1428.2000000000003, 402.09999999999997, 427.99999999999994, 1653.000000000001, 1440.6000000000004, 1102.4999999999995, 994.6999999999996], "episode_types": ["t", "t", "t", "t", "t", "t", "t", "t", "t", "t"]}