{"initial_reset_timestamp": 1558268702.5183575, "timestamps": [1558268703.079856, 1558268704.0459697, 1558268708.2497203, 1558268709.2011762, 1558268710.5186558, 1558268713.5345645, 1558268716.2104876, 1558268720.7127137, 1558268722.5001175, 1558268725.569908], "episode_lengths": [32, 34, 304, 71, 98, 223, 197, 328, 117, 222], "episode_rewards": [285.4, 293.4, 2103.0000000000027, 608.5999999999999, 772.0999999999998, 1747.6000000000013, 1532.6000000000008, 2260.000000000003, 907.6999999999997, 1774.6000000000013], "episode_types": ["t", "t", "t", "t", "t", "t", "t", "t", "t", "t"]}