{"initial_reset_timestamp": 1558178884.561295, "timestamps": [1558178886.556987, 1558178887.457658, 1558178888.5288024, 1558178889.416422, 1558178890.64314, 1558178891.2504907, 1558178892.6946542, 1558178893.9104028, 1558178895.6231546, 1558178897.3056545], "episode_lengths": [135, 58, 78, 66, 92, 46, 108, 91, 117, 124], "episode_rewards": [802.3999999999996, 448.8999999999999, 394.4999999999999, 493.6999999999999, 594.1999999999998, 205.10000000000002, 685.8999999999997, 693.1999999999998, 552.6999999999998, 808.5999999999998], "episode_types": ["t", "t", "t", "t", "t", "t", "t", "t", "t", "t"]}