{"initial_reset_timestamp": 1558178983.8001595, "timestamps": [1558178984.3098218, 1558178985.3303902, 1558178985.7672634, 1558178986.2429926, 1558178986.65489, 1558178987.1196487, 1558178987.5016258, 1558178988.0012898, 1558178988.480165, 1558178988.921983], "episode_lengths": [31, 33, 31, 36, 31, 35, 29, 38, 31, 31], "episode_rewards": [276.4, 291.4, 276.4, 303.30000000000007, 276.4, 306.4, 260.5, 320.3, 272.4, 276.4], "episode_types": ["t", "t", "t", "t", "t", "t", "t", "t", "t", "t"]}