{"initial_reset_timestamp": 1558268350.863893, "timestamps": [1558268355.3229916, 1558268356.8650959, 1558268360.2430384, 1558268361.8667219, 1558268365.22775, 1558268369.7745922, 1558268372.2430146, 1558268375.6089904, 1558268380.471012, 1558268383.9170616], "episode_lengths": [292, 98, 247, 120, 244, 326, 179, 246, 319, 245], "episode_rewards": [2471.2000000000025, 837.0999999999998, 2077.100000000002, 994.6999999999997, 2076.2000000000016, 2678.500000000003, 1540.5000000000007, 2087.100000000002, 2690.700000000003, 2045.1000000000017], "episode_types": ["t", "t", "t", "t", "t", "t", "t", "t", "t", "t"]}