{"initial_reset_timestamp": 1558154640.6716046, "timestamps": [1558154646.2767742, 1558154649.2069633, 1558154649.472265, 1558154649.613886, 1558154650.0068362, 1558154650.115544, 1558154650.4017546, 1558154652.0922592, 1558154654.437105, 1558154656.0368268, 1558154656.386914, 1558154656.702072, 1558154657.1000075, 1558154657.3154316, 1558154657.5667684, 1558154657.8549647, 1558154658.0883408, 1558154658.2758396, 1558154658.4443886, 1558154658.6259034, 1558154658.8812206, 1558154659.2482388, 1558154659.5983036, 1558154659.9972596, 1558154660.3243828, 1558154660.906804, 1558154661.0873213, 1558154663.2656531, 1558154663.4521542, 1558154663.8341327], "episode_lengths": [514, 289, 109, 112, 276, 84, 219, 1000, 231, 936, 234, 191, 238, 135, 192, 209, 175, 140, 124, 139, 188, 263, 233, 254, 200, 362, 131, 211, 103, 233], "episode_rewards": [196.25965393430988, 246.79088780777337, -16.8011236139415, 13.940626018525151, 240.92605260472902, -35.15261167397317, 271.7376769216677, 119.50081740990942, 293.6050144286852, 199.39752585807497, 231.79388654588163, 270.81533218750656, 256.14849669609066, 50.06925017628757, 10.847873609072664, 290.7916810513206, 4.92297973124721, 27.430986421180847, 33.90193279706574, 29.392702843663585, 272.3120576404102, 263.4692788819685, 273.50984058699635, 225.8758714399812, 264.9231573746997, 228.2976328629469, 43.75447913079864, 252.87952580447364, -23.52580797671861, 244.5459775592722], "episode_types": ["t", "t", "t", "t", "t", "t", "t", "t", "t", "t", "t", "t", "t", "t", "t", "t", "t", "t", "t", "t", "t", "t", "t", "t", "t", "t", "t", "t", "t", "t"]}