{"initial_reset_timestamp": 1558178710.0997622, "timestamps": [1558178711.210822, 1558178712.2131102, 1558178713.0927827, 1558178713.959466, 1558178714.8470914, 1558178715.875394, 1558178716.9655044, 1558178717.958848, 1558178718.8814552, 1558178719.7951202], "episode_lengths": [70, 63, 63, 64, 65, 69, 72, 69, 58, 64], "episode_rewards": [581.6999999999998, 535.8, 535.8, 546.8, 554.6999999999999, 585.6999999999998, 594.5999999999998, 576.6999999999998, 498.8999999999999, 541.8], "episode_types": ["t", "t", "t", "t", "t", "t", "t", "t", "t", "t"]}