{"initial_reset_timestamp": 1558178720.142163, "timestamps": [1558178723.178044, 1558178726.420919, 1558178727.0025218, 1558178728.729878, 1558178731.605189, 1558178734.4954603, 1558178737.1783714, 1558178739.9409857, 1558178743.013443, 1558178745.7591374], "episode_lengths": [202, 213, 40, 125, 212, 216, 200, 205, 211, 204], "episode_rewards": [1623.000000000001, 1690.800000000001, 344.3, 973.5999999999996, 1672.800000000001, 1721.7000000000012, 1611.000000000001, 1643.900000000001, 1651.800000000001, 1641.000000000001], "episode_types": ["t", "t", "t", "t", "t", "t", "t", "t", "t", "t"]}