{"initial_reset_timestamp": 1558268496.1226368, "timestamps": [1558268496.8606887, 1558268501.88906, 1558268506.437896, 1558268510.600804, 1558268510.9947267, 1558268511.4006677, 1558268514.6629417, 1558268518.9255447, 1558268521.9165785, 1558268525.5897894], "episode_lengths": [47, 316, 336, 309, 30, 31, 243, 318, 193, 254], "episode_rewards": [374.09999999999997, 2568.700000000003, 2650.3000000000034, 2530.900000000003, 269.5, 274.4, 2014.2000000000016, 2552.700000000003, 1546.2000000000007, 2090.000000000002], "episode_types": ["t", "t", "t", "t", "t", "t", "t", "t", "t", "t"]}