{"initial_reset_timestamp": 1558178762.3143728, "timestamps": [1558178764.781801, 1558178767.3033612, 1558178770.6125116, 1558178773.9516237, 1558178776.2464843, 1558178778.9712007, 1558178783.2218342, 1558178785.4658377, 1558178789.2559748, 1558178792.5411909], "episode_lengths": [169, 172, 247, 251, 173, 206, 320, 170, 261, 245], "episode_rewards": [1169.6999999999998, 1054.5999999999995, 1445.1000000000013, 1230.0000000000014, 1181.6, 1237.9000000000005, 1621.6000000000026, 1167.6, 1443.8000000000015, 1233.1000000000013], "episode_types": ["t", "t", "t", "t", "t", "t", "t", "t", "t", "t"]}