{"initial_reset_timestamp": 1558268272.0720658, "timestamps": [1558268273.1202874, 1558268274.1247623, 1558268275.1082134, 1558268275.9639246, 1558268276.843572, 1558268277.7581015, 1558268278.6517396, 1558268279.5413332, 1558268280.8557818, 1558268281.7573476], "episode_lengths": [65, 64, 70, 63, 65, 68, 66, 65, 65, 64], "episode_rewards": [546.8, 544.8, 574.5999999999998, 539.8, 544.8, 567.6999999999998, 558.6999999999998, 552.8, 546.8, 533.8], "episode_types": ["t", "t", "t", "t", "t", "t", "t", "t", "t", "t"]}