{"initial_reset_timestamp": 1558268476.316128, "timestamps": [1558268477.9577627, 1558268479.0977144, 1558268479.4328206, 1558268482.1136525, 1558268484.7316487, 1558268486.6036763, 1558268488.6412263, 1558268491.472654, 1558268493.7101202, 1558268495.7536492], "episode_lengths": [108, 74, 23, 198, 193, 139, 151, 210, 150, 150], "episode_rewards": [886.8999999999996, 616.5999999999998, 206.6, 1598.1000000000008, 1556.2000000000007, 1127.2999999999997, 1223.0, 1643.9000000000008, 1233.0, 1227.1], "episode_types": ["t", "t", "t", "t", "t", "t", "t", "t", "t", "t"]}