{"initial_reset_timestamp": 1558154898.8710842, "timestamps": [1558154900.9706213, 1558154901.228242, 1558154901.95031, 1558154902.331292, 1558154903.5131302, 1558154904.4945068, 1558154904.6341083, 1558154904.7568064, 1558154906.456384, 1558154906.890224, 1558154907.118613, 1558154907.2851677, 1558154907.9723306, 1558154908.7721913, 1558154908.8360205, 1558154909.4164684, 1558154911.480948, 1558154912.1581368, 1558154912.2169793, 1558154912.6488242, 1558154913.3090591, 1558154913.9094539, 1558154913.9653044, 1558154914.6185575, 1558154915.3815703, 1558154915.8822331, 1558154916.6142733, 1558154917.138504, 1558154917.679058, 1558154919.255842, 1558154919.4642844, 1558154919.977911, 1558154920.5304337, 1558154921.062012, 1558154921.266465, 1558154921.6653984, 1558154922.322641, 1558154923.197325, 1558154923.7338672, 1558154924.886784, 1558154925.176035, 1558154925.5270956, 1558154927.1138282, 1558154927.1866584, 1558154927.7770815, 1558154927.9306684, 1558154928.2916791, 1558154929.3807666, 1558154930.0001104, 1558154930.5486436, 1558154931.4262965, 1558154931.457214, 1558154932.0087392, 1558154932.484467, 1558154933.0519493, 1558154933.5925038, 1558154934.685581, 1558154935.4844446, 1558154935.7607062, 1558154936.2843301, 1558154936.7819993, 1558154937.4063056, 1558154937.9697983, 1558154938.0216599, 1558154938.9355342, 1558154939.5897806, 1558154939.663583, 1558154940.1293485, 1558154942.695476, 1558154943.0365648, 1558154943.0654864, 1558154943.4993262, 1558154944.134627, 1558154944.852707, 1558154945.4890041, 1558154945.9218478, 1558154946.6329467, 1558154946.8174531, 1558154947.454749, 1558154947.956407, 1558154948.5956974, 1558154948.9517453, 1558154949.741636, 1558154949.8144133, 1558154950.2462592, 1558154950.7140334, 1558154950.8267338, 1558154951.290494, 1558154951.7851746, 1558154952.092347, 1558154953.015878, 1558154953.1644807, 1558154953.9922667, 1558154954.6365435, 1558154955.121249, 1558154955.3047569, 1558154955.8413222, 1558154956.2711735, 1558154956.886528, 1558154957.264517], "episode_lengths": [285, 83, 317, 173, 517, 450, 64, 55, 676, 187, 103, 58, 304, 361, 29, 268, 913, 306, 24, 197, 294, 277, 25, 305, 340, 229, 333, 205, 227, 702, 92, 229, 240, 237, 88, 178, 288, 381, 237, 509, 126, 163, 713, 33, 271, 71, 163, 485, 272, 237, 373, 13, 243, 205, 253, 237, 485, 351, 123, 229, 229, 285, 252, 22, 369, 265, 33, 213, 1157, 155, 12, 200, 290, 333, 293, 197, 313, 83, 269, 229, 292, 165, 365, 33, 195, 215, 51, 213, 223, 141, 430, 68, 382, 291, 219, 70, 242, 197, 285, 165], "episode_rewards": [231.0, 42.0, 168.0, 105.0, 420.0, 272.0, 31.0, 31.0, 546.0, 136.0, 62.0, 31.0, 273.0, 210.0, 63.0, 136.0, 630.0, 240.0, 10.0, 104.0, 231.0, 189.0, 0.0, 262.0, 189.0, 210.0, 262.0, 229.0, 231.0, 535.0, 94.0, 166.0, 147.0, 168.0, 63.0, 168.0, 294.0, 315.0, 167.0, 292.0, 126.0, 147.0, 440.0, 42.0, 189.0, 42.0, 105.0, 346.0, 252.0, 210.0, 325.0, 0.0, 210.0, 168.0, 168.0, 210.0, 441.0, 273.0, 124.0, 114.0, 231.0, 252.0, 189.0, 21.0, 420.0, 147.0, 42.0, 167.0, 754.0, 82.0, 0.0, 178.0, 294.0, 231.0, 220.0, 197.0, 231.0, 42.0, 147.0, 189.0, 315.0, 42.0, 367.0, 10.0, 189.0, 126.0, 21.0, 147.0, 210.0, 105.0, 367.0, 73.0, 378.0, 210.0, 167.0, 52.0, 210.0, 84.0, 147.0, 210.0], "episode_types": ["t", "t", "t", "t", "t", "t", "t", "t", "t", "t", "t", "t", "t", "t", "t", "t", "t", "t", "t", "t", "t", "t", "t", "t", "t", "t", "t", "t", "t", "t", "t", "t", "t", "t", "t", "t", "t", "t", "t", "t", "t", "t", "t", "t", "t", "t", "t", "t", "t", "t", "t", "t", "t", "t", "t", "t", "t", "t", "t", "t", "t", "t", "t", "t", "t", "t", "t", "t", "t", "t", "t", "t", "t", "t", "t", "t", "t", "t", "t", "t", "t", "t", "t", "t", "t", "t", "t", "t", "t", "t", "t", "t", "t", "t", "t", "t", "t", "t", "t", "t"]}