{"initial_reset_timestamp": 1558268319.732592, "timestamps": [1558268322.9021387, 1558268325.9181056, 1558268328.6561067, 1558268331.3399298, 1558268335.7102432, 1558268338.5137756, 1558268342.2628298, 1558268345.0074902, 1558268347.879398, 1558268350.5078702], "episode_lengths": [207, 198, 187, 187, 304, 207, 275, 203, 189, 190], "episode_rewards": [1461.9000000000005, 1406.1000000000004, 1332.3000000000002, 1332.3000000000002, 2092.0000000000023, 1461.9000000000005, 1885.5000000000018, 1371.0000000000005, 1334.3000000000002, 1350.3000000000002], "episode_types": ["t", "t", "t", "t", "t", "t", "t", "t", "t", "t"]}