{"initial_reset_timestamp": 1558268585.911604, "timestamps": [1558268587.7933109, 1558268590.770897, 1558268593.287328, 1558268594.4142883, 1558268595.1254117, 1558268597.6772902, 1558268600.282798, 1558268601.074195, 1558268604.0483031, 1558268605.208257], "episode_lengths": [111, 186, 173, 83, 53, 186, 189, 54, 191, 83], "episode_rewards": [971.7999999999997, 1538.4000000000008, 1436.6000000000004, 703.3999999999999, 464.99999999999994, 1575.3000000000009, 1520.3000000000006, 472.99999999999994, 1551.3000000000009, 692.3999999999999], "episode_types": ["t", "t", "t", "t", "t", "t", "t", "t", "t", "t"]}