{"initial_reset_timestamp": 1558178849.1078348, "timestamps": [1558178849.9047046, 1558178850.9330792, 1558178851.7210937, 1558178853.6310067, 1558178856.6903195, 1558178858.661077, 1558178859.0560737, 1558178859.4821167, 1558178859.9948373, 1558178860.4974685], "episode_lengths": [50, 54, 57, 142, 215, 139, 29, 31, 31, 32], "episode_rewards": [371.1, 358.0, 393.9, 969.1999999999996, 1574.7000000000012, 1011.2999999999996, 261.5, 276.4, 277.4, 280.4], "episode_types": ["t", "t", "t", "t", "t", "t", "t", "t", "t", "t"]}