{"initial_reset_timestamp": 1558268562.6024337, "timestamps": [1558268563.531949, 1558268566.185347, 1558268567.6065526, 1558268570.4260106, 1558268572.3748, 1558268574.683626, 1558268576.6304195, 1558268578.850482, 1558268581.3657565, 1558268585.5007024], "episode_lengths": [55, 170, 102, 208, 145, 171, 144, 165, 169, 262], "episode_rewards": [466.99999999999994, 1386.2000000000003, 861.9999999999997, 1702.900000000001, 1183.6, 1431.6000000000004, 1185.1999999999998, 1365.3000000000002, 1389.7000000000003, 2043.800000000002], "episode_types": ["t", "t", "t", "t", "t", "t", "t", "t", "t", "t"]}