{"initial_reset_timestamp": 1558178876.49081, "timestamps": [1558178877.1540375, 1558178878.6779437, 1558178879.4339209, 1558178879.765035, 1558178880.742421, 1558178881.5861645, 1558178882.6743052, 1558178883.0044239, 1558178883.7754204, 1558178884.2132523], "episode_lengths": [39, 75, 54, 25, 73, 63, 81, 25, 51, 30], "episode_rewards": [341.8, 545.4999999999999, 457.49999999999994, 229.6, 557.0999999999998, 538.2999999999998, 586.8999999999999, 229.6, 404.49999999999994, 239.5], "episode_types": ["t", "t", "t", "t", "t", "t", "t", "t", "t", "t"]}