{"initial_reset_timestamp": 1558178909.6212263, "timestamps": [1558178910.4480152, 1558178911.8118913, 1558178912.5259783, 1558178912.95882, 1558178913.6569564, 1558178914.1775613, 1558178914.7909214, 1558178917.2284036, 1558178917.7323422, 1558178918.6708567], "episode_lengths": [54, 79, 52, 33, 53, 40, 47, 184, 33, 69], "episode_rewards": [410.99999999999994, 550.4999999999998, 393.9999999999999, 275.4, 385.99999999999994, 294.3, 397.09999999999997, 1095.4, 273.4, 482.69999999999993], "episode_types": ["t", "t", "t", "t", "t", "t", "t", "t", "t", "t"]}