{"initial_reset_timestamp": 1558155003.688434, "timestamps": [1558155005.8677666, 1558155006.493089, 1558155006.5559208, 1558155006.763366, 1558155007.1184187, 1558155007.7377617, 1558155008.2912803, 1558155008.5765183, 1558155008.8398142, 1558155009.0462623, 1558155009.4072978, 1558155010.1114166, 1558155010.8185222, 1558155011.2932286, 1558155011.6742346, 1558155011.742052, 1558155012.5019968, 1558155012.61472, 1558155013.4933696, 1558155013.552215, 1558155014.1585937, 1558155014.5216205, 1558155014.8856468, 1558155015.3823178, 1558155015.663566, 1558155016.437505, 1558155016.906244, 1558155017.5077703, 1558155018.082234, 1558155018.7045698, 1558155019.1613483, 1558155019.1892736, 1558155019.825572, 1558155020.217524, 1558155020.8308837, 1558155020.8937156, 1558155021.862126, 1558155022.209198, 1558155022.2480938, 1558155022.6879177, 1558155023.122755, 1558155023.6393738, 1558155023.7929628, 1558155024.19788, 1558155024.7603757, 1558155025.506381, 1558155026.0090368, 1558155026.64733, 1558155026.7839646, 1558155027.2447324, 1558155027.608759, 1558155027.9448602, 1558155028.342796, 1558155028.914267, 1558155029.2483745, 1558155029.3391318, 1558155029.8427851, 1558155030.2576747, 1558155030.7613287, 1558155031.1044111, 1558155031.4764416, 1558155031.749711, 1558155032.075839, 1558155032.5056891, 1558155033.2899814, 1558155033.982103, 1558155034.0209987, 1558155034.1027803, 1558155034.5914748, 1558155034.8727224, 1558155035.1809242, 1558155035.717488, 1558155036.424597, 1558155036.4944093, 1558155036.9551747, 1558155037.4358673, 1558155037.8218353, 1558155038.5229855, 1558155039.0755086, 1558155039.7108102, 1558155039.9900372, 1558155040.1376424, 1558155040.189504, 1558155040.4587834, 1558155041.229746, 1558155041.6805418, 1558155042.159261, 1558155042.381667, 1558155043.0528712, 1558155043.5206213, 1558155044.126003, 1558155044.1978114, 1558155044.8061848, 1558155045.3257933, 1558155045.8912783, 1558155045.9541132, 1558155046.5963967, 1558155046.7908754, 1558155047.1848223, 1558155047.6246462], "episode_lengths": [315, 237, 17, 93, 159, 283, 253, 130, 95, 82, 165, 325, 320, 205, 173, 29, 346, 51, 405, 26, 270, 165, 165, 218, 126, 355, 213, 245, 243, 277, 205, 12, 288, 173, 277, 28, 432, 149, 17, 201, 196, 237, 71, 187, 255, 341, 229, 285, 59, 210, 167, 155, 179, 261, 149, 41, 228, 189, 229, 157, 159, 125, 147, 189, 281, 301, 17, 37, 219, 127, 139, 245, 314, 31, 211, 221, 175, 317, 253, 269, 126, 67, 23, 125, 339, 205, 213, 99, 303, 213, 274, 32, 276, 237, 258, 28, 290, 88, 178, 201], "episode_rewards": [273.0, 168.0, 0.0, 63.0, 147.0, 210.0, 252.0, 126.0, 84.0, 84.0, 126.0, 294.0, 378.0, 189.0, 147.0, 21.0, 399.0, 42.0, 315.0, 21.0, 294.0, 63.0, 126.0, 189.0, 84.0, 336.0, 168.0, 147.0, 294.0, 294.0, 210.0, 0.0, 315.0, 210.0, 241.0, 21.0, 420.0, 168.0, 0.0, 220.0, 189.0, 168.0, 42.0, 126.0, 252.0, 357.0, 262.0, 241.0, 63.0, 189.0, 105.0, 126.0, 252.0, 231.0, 147.0, 21.0, 189.0, 168.0, 189.0, 136.0, 147.0, 105.0, 147.0, 189.0, 315.0, 315.0, 0.0, 42.0, 231.0, 126.0, 84.0, 252.0, 315.0, 0.0, 168.0, 220.0, 147.0, 336.0, 189.0, 314.0, 168.0, 42.0, 21.0, 84.0, 315.0, 126.0, 189.0, 94.0, 357.0, 168.0, 252.0, 21.0, 273.0, 210.0, 252.0, 0.0, 315.0, 84.0, 126.0, 168.0], "episode_types": ["t", "t", "t", "t", "t", "t", "t", "t", "t", "t", "t", "t", "t", "t", "t", "t", "t", "t", "t", "t", "t", "t", "t", "t", "t", "t", "t", "t", "t", "t", "t", "t", "t", "t", "t", "t", "t", "t", "t", "t", "t", "t", "t", "t", "t", "t", "t", "t", "t", "t", "t", "t", "t", "t", "t", "t", "t", "t", "t", "t", "t", "t", "t", "t", "t", "t", "t", "t", "t", "t", "t", "t", "t", "t", "t", "t", "t", "t", "t", "t", "t", "t", "t", "t", "t", "t", "t", "t", "t", "t", "t", "t", "t", "t", "t", "t", "t", "t", "t", "t"]}