{"initial_reset_timestamp": 1558178811.7591665, "timestamps": [1558178812.153113, 1558178812.5600243, 1558178813.1803658, 1558178813.7817585, 1558178814.202632, 1558178814.5507014, 1558178815.0932503, 1558178815.4143918, 1558178815.8124135, 1558178816.196546], "episode_lengths": [24, 24, 42, 43, 30, 25, 39, 23, 24, 25], "episode_rewards": [214.6, 213.6, 348.20000000000005, 349.2, 264.5, 219.6, 286.3, 210.6, 213.6, 218.6], "episode_types": ["t", "t", "t", "t", "t", "t", "t", "t", "t", "t"]}