{"initial_reset_timestamp": 1558268219.662175, "timestamps": [1558268224.7130816, 1558268228.9191241, 1558268232.8476293, 1558268233.6774085, 1558268236.151788, 1558268239.927693, 1558268243.7604456, 1558268247.7258394, 1558268249.6098015, 1558268253.4625552], "episode_lengths": [295, 275, 281, 61, 183, 281, 284, 296, 128, 284], "episode_rewards": [2333.6000000000026, 2239.5000000000023, 2275.9000000000024, 512.8, 1462.4000000000005, 2277.4000000000024, 2262.4000000000024, 2346.1000000000026, 1044.9999999999995, 2298.9000000000024], "episode_types": ["t", "t", "t", "t", "t", "t", "t", "t", "t", "t"]}