{"initial_reset_timestamp": 1558268605.5622854, "timestamps": [1558268606.5935526, 1558268607.7549522, 1558268608.67848, 1558268609.5730634, 1558268610.445754, 1558268610.801802, 1558268611.644552, 1558268612.6588373, 1558268613.7033746, 1558268614.6478488], "episode_lengths": [65, 71, 65, 66, 65, 27, 62, 75, 68, 67], "episode_rewards": [545.8, 588.5999999999998, 555.7999999999998, 567.6999999999998, 548.8, 248.5, 532.7999999999998, 600.5999999999999, 577.6999999999998, 570.6999999999998], "episode_types": ["t", "t", "t", "t", "t", "t", "t", "t", "t", "t"]}