{"initial_reset_timestamp": 1558267725.2469888, "timestamps": [1558267734.9883873, 1558267739.842417, 1558267742.741768, 1558267745.567584, 1558267747.9711578, 1558267751.771994, 1558267760.0301964, 1558267764.088331, 1558267774.2832544, 1558267784.3844895], "episode_lengths": [501, 319, 204, 201, 168, 272, 499, 300, 600, 654], "episode_rewards": [4185.550000000005, 2093.7000000000025, 1519.3000000000009, 1389.7000000000007, 1110.7, 2059.800000000002, 4105.200000000006, 2259.7000000000025, 4883.799999999997, 4382.400000000005], "episode_types": ["t", "t", "t", "t", "t", "t", "t", "t", "t", "t"]}