{"initial_reset_timestamp": 1558154840.7942526, "timestamps": [1558154843.1880033, 1558154843.5564086, 1558154843.9443715, 1558154844.48692, 1558154844.9746163, 1558154845.5590534, 1558154845.92308, 1558154846.2282639, 1558154847.0513678, 1558154848.595278, 1558154850.6218588, 1558154850.8761775, 1558154851.3000448, 1558154852.6634028, 1558154853.3136637, 1558154853.759443, 1558154854.1783245, 1558154854.8505266, 1558154855.0868943, 1558154855.1447396, 1558154855.6115148, 1558154856.0862463, 1558154856.269759, 1558154856.5529728, 1558154857.1324475, 1558154858.5257235, 1558154859.1500525, 1558154859.3745904, 1558154859.8842278, 1558154860.311086, 1558154861.0491126, 1558154861.09499, 1558154861.7642007, 1558154861.9118056, 1558154862.143187, 1558154862.2977738, 1558154863.4417148, 1558154864.6634722, 1558154864.9476876, 1558154865.4224179, 1558154865.9829192, 1558154866.7289238, 1558154867.0939481, 1558154867.2355695, 1558154867.5237987, 1558154868.0314412, 1558154868.3655477, 1558154868.893137, 1558154869.4516425, 1558154870.2614784, 1558154870.4998405, 1558154870.6953175, 1558154872.282075, 1558154872.5922706, 1558154873.145765, 1558154873.7252154, 1558154874.0353858, 1558154874.6327884, 1558154875.1533961, 1558154875.4406285, 1558154876.254452, 1558154876.8089693, 1558154877.0952034, 1558154877.2807076, 1558154878.0117521, 1558154878.8834212, 1558154879.753096, 1558154879.7770321, 1558154880.4433088, 1558154881.1713603, 1558154881.2491517, 1558154881.6201587, 1558154882.4140372, 1558154882.9266644, 1558154883.2388277, 1558154883.4731784, 1558154884.0396883, 1558154884.7896857, 1558154885.273364, 1558154885.593534, 1558154886.0513089, 1558154886.861143, 1558154887.194252, 1558154887.8165894, 1558154888.3032866, 1558154890.01668, 1558154890.497394, 1558154891.3401659, 1558154891.5825179, 1558154892.2208107, 1558154892.8910184, 1558154893.1024535, 1558154893.5323036, 1558154893.907301, 1558154894.2254508, 1558154894.391009, 1558154894.669266, 1558154895.1679294, 1558154895.4222474, 1558154896.229068], "episode_lengths": [483, 151, 195, 293, 261, 317, 189, 165, 396, 825, 1097, 135, 219, 706, 341, 245, 225, 349, 121, 29, 246, 255, 99, 153, 300, 757, 343, 93, 259, 221, 389, 24, 360, 79, 125, 83, 616, 661, 149, 256, 292, 405, 198, 76, 151, 269, 181, 285, 288, 437, 129, 105, 771, 160, 277, 306, 164, 317, 281, 153, 437, 301, 155, 97, 353, 453, 469, 12, 355, 397, 41, 201, 419, 281, 169, 126, 303, 405, 261, 173, 244, 437, 173, 333, 260, 925, 261, 453, 127, 343, 363, 113, 228, 205, 173, 89, 146, 264, 130, 429], "episode_rewards": [315.0, 105.0, 126.0, 282.0, 126.0, 294.0, 126.0, 84.0, 294.0, 554.0, 797.0, 42.0, 189.0, 441.0, 280.0, 115.0, 210.0, 252.0, 84.0, 21.0, 210.0, 189.0, 63.0, 84.0, 210.0, 617.0, 199.0, 63.0, 189.0, 189.0, 294.0, 21.0, 294.0, 42.0, 105.0, 0.0, 588.0, 500.0, 168.0, 210.0, 252.0, 294.0, 168.0, 73.0, 126.0, 189.0, 105.0, 189.0, 210.0, 378.0, 63.0, 135.0, 609.0, 84.0, 219.0, 105.0, 105.0, 231.0, 189.0, 105.0, 336.0, 252.0, 94.0, 104.0, 336.0, 252.0, 281.0, 0.0, 336.0, 231.0, 0.0, 63.0, 378.0, 210.0, 84.0, 42.0, 252.0, 273.0, 198.0, 124.0, 210.0, 273.0, 126.0, 197.0, 210.0, 616.0, 146.0, 315.0, 105.0, 273.0, 252.0, 72.0, 210.0, 147.0, 84.0, 63.0, 126.0, 147.0, 42.0, 210.0], "episode_types": ["t", "t", "t", "t", "t", "t", "t", "t", "t", "t", "t", "t", "t", "t", "t", "t", "t", "t", "t", "t", "t", "t", "t", "t", "t", "t", "t", "t", "t", "t", "t", "t", "t", "t", "t", "t", "t", "t", "t", "t", "t", "t", "t", "t", "t", "t", "t", "t", "t", "t", "t", "t", "t", "t", "t", "t", "t", "t", "t", "t", "t", "t", "t", "t", "t", "t", "t", "t", "t", "t", "t", "t", "t", "t", "t", "t", "t", "t", "t", "t", "t", "t", "t", "t", "t", "t", "t", "t", "t", "t", "t", "t", "t", "t", "t", "t", "t", "t", "t", "t"]}