{"initial_reset_timestamp": 1558178860.857505, "timestamps": [1558178861.3292449, 1558178861.8189354, 1558178862.14609, 1558178862.5659418, 1558178862.9868407, 1558178863.401708, 1558178863.7727394, 1558178864.198601, 1558178864.6215851, 1558178864.9397593], "episode_lengths": [27, 29, 22, 32, 32, 32, 28, 32, 27, 22], "episode_rewards": [217.5, 216.5, 175.60000000000002, 272.4, 271.4, 272.4, 219.5, 271.4, 212.5, 171.60000000000002], "episode_types": ["t", "t", "t", "t", "t", "t", "t", "t", "t", "t"]}