{"initial_reset_timestamp": 1558268791.5388045, "timestamps": [1558268792.0534537, 1558268793.8247778, 1558268794.510937, 1558268795.9082024, 1558268797.439082, 1558268797.828042, 1558268799.4895988, 1558268799.9753263, 1558268800.7965758, 1558268801.3351386], "episode_lengths": [29, 83, 48, 103, 112, 29, 122, 36, 30, 37], "episode_rewards": [257.5, 639.3999999999999, 303.1, 817.4999999999997, 923.2999999999996, 259.5, 984.0999999999996, 312.3, 274.5, 304.8], "episode_types": ["t", "t", "t", "t", "t", "t", "t", "t", "t", "t"]}