{"initial_reset_timestamp": 1558178679.9270701, "timestamps": [1558178683.9413092, 1558178686.8373573, 1558178691.033127, 1558178692.3196862, 1558178693.499531, 1558178697.088934, 1558178701.1931207, 1558178703.616637, 1558178706.1054683, 1558178709.7247891], "episode_lengths": [241, 156, 287, 94, 86, 261, 282, 178, 165, 261], "episode_rewards": [1897.7000000000016, 1273.9, 2231.3000000000025, 782.1999999999997, 718.2999999999997, 1984.800000000002, 2258.3000000000025, 1366.0000000000002, 1318.8000000000002, 1992.800000000002], "episode_types": ["t", "t", "t", "t", "t", "t", "t", "t", "t", "t"]}