{"initial_reset_timestamp": 1558178905.200988, "timestamps": [1558178905.609919, 1558178906.1883724, 1558178906.63818, 1558178907.0650287, 1558178907.3761957, 1558178907.77114, 1558178908.110233, 1558178908.4243932, 1558178908.7824645, 1558178909.273153], "episode_lengths": [25, 36, 31, 32, 24, 30, 26, 24, 23, 35], "episode_rewards": [222.6, 303.3, 261.4, 256.4, 214.6, 268.5, 223.5, 214.6, 205.6, 262.4], "episode_types": ["t", "t", "t", "t", "t", "t", "t", "t", "t", "t"]}