{"initial_reset_timestamp": 1558178792.8872387, "timestamps": [1558178794.611659, 1558178796.3870702, 1558178797.9209704, 1558178799.6712635, 1558178801.876394, 1558178803.7404065, 1558178805.8438914, 1558178808.00212, 1558178809.1461537, 1558178811.4150863], "episode_lengths": [116, 119, 114, 133, 166, 141, 159, 163, 73, 158], "episode_rewards": [885.6999999999997, 920.6999999999996, 831.7999999999997, 580.3999999999999, 864.6999999999998, 1061.1999999999996, 951.8999999999996, 922.7999999999996, 167.60000000000008, 1012.8999999999996], "episode_types": ["t", "t", "t", "t", "t", "t", "t", "t", "t", "t"]}