{"initial_reset_timestamp": 1558268663.3585675, "timestamps": [1558268664.6022425, 1558268666.132207, 1558268666.770513, 1558268667.3778737, 1558268669.0434268, 1558268669.6248415, 1558268671.30936, 1558268671.9167378, 1558268673.3638487, 1558268675.0852716], "episode_lengths": [76, 98, 45, 45, 122, 43, 123, 45, 92, 123], "episode_rewards": [615.9999999999998, 783.5999999999998, 364.7, 364.7, 966.0999999999996, 352.7, 967.0999999999997, 355.7, 714.6999999999998, 969.0999999999997], "episode_types": ["t", "t", "t", "t", "t", "t", "t", "t", "t", "t"]}