{"initial_reset_timestamp": 1558268750.8590276, "timestamps": [1558268752.6901557, 1558268754.293098, 1558268756.418423, 1558268758.070995, 1558268759.6866746, 1558268763.9981492, 1558268764.5825832, 1558268766.5474143, 1558268768.4004757, 1558268770.4430137], "episode_lengths": [116, 101, 152, 120, 119, 316, 44, 144, 119, 140], "episode_rewards": [1009.6999999999997, 847.9999999999997, 1245.5, 1051.0999999999997, 1045.1999999999998, 2672.200000000003, 375.2, 1208.6999999999998, 1039.1999999999998, 1194.7], "episode_types": ["t", "t", "t", "t", "t", "t", "t", "t", "t", "t"]}