{"initial_reset_timestamp": 1558268615.008859, "timestamps": [1558268615.607285, 1558268616.6033185, 1558268617.1309097, 1558268618.4892752, 1558268618.9879427, 1558268620.7751381, 1558268622.6322007, 1558268624.7854352, 1558268627.2073996, 1558268628.1818204], "episode_lengths": [36, 37, 36, 99, 37, 131, 135, 158, 158, 69], "episode_rewards": [316.3, 319.3, 314.3, 806.0999999999997, 319.3, 1060.3999999999996, 1094.2999999999997, 1256.9, 1284.9, 572.6999999999998], "episode_types": ["t", "t", "t", "t", "t", "t", "t", "t", "t", "t"]}