{"initial_reset_timestamp": 1558178897.654697, "timestamps": [1558178898.721869, 1558178899.3354797, 1558178900.2470405, 1558178901.0169837, 1558178901.3909826, 1558178902.133972, 1558178902.3544066, 1558178903.2559958, 1558178903.8216472, 1558178904.8469052], "episode_lengths": [70, 38, 66, 58, 29, 56, 17, 68, 37, 74], "episode_rewards": [583.6999999999998, 331.3, 544.6999999999998, 498.8999999999999, 230.5, 481.8999999999999, 165.7, 575.6999999999998, 321.3, 610.5999999999998], "episode_types": ["t", "t", "t", "t", "t", "t", "t", "t", "t", "t"]}