{"initial_reset_timestamp": 1558268552.1661417, "timestamps": [1558268552.4773335, 1558268553.2135322, 1558268553.4738383, 1558268554.4602084, 1558268558.0316575, 1558268561.1134171, 1558268561.367737, 1558268561.6190646, 1558268561.9431977, 1558268562.2513733], "episode_lengths": [18, 19, 18, 74, 249, 215, 18, 18, 19, 20], "episode_rewards": [127.7, 132.7, 127.7, 526.5999999999999, 1591.1000000000013, 1520.700000000001, 127.7, 128.7, 136.7, 133.7], "episode_types": ["t", "t", "t", "t", "t", "t", "t", "t", "t", "t"]}