{"initial_reset_timestamp": 1558268776.9695337, "timestamps": [1558268780.2438457, 1558268781.718937, 1558268782.4659405, 1558268783.8212907, 1558268784.2671237, 1558268784.7229059, 1558268785.380155, 1558268786.8063085, 1558268788.3094652, 1558268791.1777952], "episode_lengths": [213, 94, 53, 99, 33, 34, 49, 105, 99, 207], "episode_rewards": [1705.300000000001, 792.1999999999997, 446.9999999999999, 820.5999999999997, 298.4, 297.4, 426.0999999999999, 888.9999999999997, 821.0999999999997, 1680.900000000001], "episode_types": ["t", "t", "t", "t", "t", "t", "t", "t", "t", "t"]}