{"initial_reset_timestamp": 1558178746.1131594, "timestamps": [1558178746.7185676, 1558178748.584914, 1558178750.2394938, 1558178750.8329022, 1558178753.456886, 1558178753.9126673, 1558178754.3804164, 1558178757.8311887, 1558178759.4460678, 1558178761.917459], "episode_lengths": [39, 98, 122, 45, 195, 35, 36, 258, 110, 184], "episode_rewards": [284.3, 580.0999999999998, 441.5999999999996, 371.2, 422.5999999999998, 264.4, 261.3, 901.8999999999991, 452.89999999999975, 557.8999999999999], "episode_types": ["t", "t", "t", "t", "t", "t", "t", "t", "t", "t"]}