{"initial_reset_timestamp": 1558268402.0123866, "timestamps": [1558268404.613583, 1558268405.9948895, 1558268407.9266996, 1558268411.2099988, 1558268413.8439553, 1558268415.1425345, 1558268417.0933483, 1558268417.931158, 1558268419.3314145, 1558268422.6267765], "episode_lengths": [166, 87, 132, 240, 193, 96, 143, 61, 92, 197], "episode_rewards": [1303.7000000000003, 709.7999999999997, 1071.8999999999996, 1768.7000000000014, 1576.7000000000007, 766.0999999999997, 1166.1999999999998, 490.79999999999984, 717.6999999999997, 1534.1000000000008], "episode_types": ["t", "t", "t", "t", "t", "t", "t", "t", "t", "t"]}