{"initial_reset_timestamp": 1558178969.329459, "timestamps": [1558178970.555182, 1558178972.1639068, 1558178974.2792475, 1558178975.2336953, 1558178975.6934657, 1558178977.1076956, 1558178978.173845, 1558178980.1206386, 1558178982.674161, 1558178983.4520764], "episode_lengths": [81, 106, 158, 72, 35, 106, 75, 136, 177, 55], "episode_rewards": [657.3999999999999, 716.3999999999997, 358.90000000000015, 514.5999999999999, 161.40000000000003, 447.9, 184.50000000000006, 930.2999999999996, 364.5000000000001, 426.99999999999994], "episode_types": ["t", "t", "t", "t", "t", "t", "t", "t", "t", "t"]}