{"initial_reset_timestamp": 1558268686.8422232, "timestamps": [1558268688.7331882, 1558268691.4648855, 1558268692.1819437, 1558268694.7680287, 1558268695.2058823, 1558268696.5812047, 1558268698.2118418, 1558268700.9046743, 1558268701.655664, 1558268702.152336], "episode_lengths": [120, 178, 51, 189, 33, 101, 119, 198, 47, 33], "episode_rewards": [984.5999999999996, 1428.5000000000005, 424.99999999999994, 1522.3000000000006, 278.40000000000003, 828.9999999999997, 974.6999999999996, 1599.1000000000008, 376.09999999999997, 230.40000000000003], "episode_types": ["t", "t", "t", "t", "t", "t", "t", "t", "t", "t"]}