{"initial_reset_timestamp": 1558178954.4441874, "timestamps": [1558178956.079838, 1558178957.206826, 1558178958.2330816, 1558178959.1715677, 1558178960.1868553, 1558178961.1243489, 1558178962.0957522, 1558178964.4903505, 1558178967.965132, 1558178968.986401], "episode_lengths": [110, 73, 75, 71, 76, 71, 73, 179, 229, 74], "episode_rewards": [779.8999999999997, 528.5999999999999, 524.5999999999999, 495.5999999999999, 535.4999999999999, 493.5999999999999, 522.5999999999999, 1232.5, 1423.500000000001, 529.5999999999999], "episode_types": ["t", "t", "t", "t", "t", "t", "t", "t", "t", "t"]}