{"initial_reset_timestamp": 1558268384.2751043, "timestamps": [1558268385.4290438, 1558268387.441636, 1558268390.4507008, 1558268392.8093965, 1558268394.5866961, 1558268396.0338259, 1558268396.601341, 1558268397.0991063, 1558268398.774775, 1558268401.650379], "episode_lengths": [72, 130, 218, 172, 130, 106, 42, 37, 109, 208], "episode_rewards": [588.5999999999998, 1045.4999999999995, 1659.7000000000012, 1374.6000000000004, 1060.3999999999996, 861.8999999999996, 343.2, 318.3, 888.8999999999996, 1657.900000000001], "episode_types": ["t", "t", "t", "t", "t", "t", "t", "t", "t", "t"]}