{"initial_reset_timestamp": 1558179001.9035945, "timestamps": [1558179002.633643, 1558179004.0468905, 1558179005.4322143, 1558179010.3222091, 1558179011.4462278, 1558179011.726503, 1558179012.4336119, 1558179012.9731688, 1558179013.706211, 1558179014.4382522], "episode_lengths": [47, 76, 97, 360, 85, 22, 54, 41, 49, 53], "episode_rewards": [383.09999999999997, 475.4999999999999, 699.0999999999998, 920.7999999999986, 476.3999999999998, 201.6, 387.0, 348.2, 370.09999999999997, 366.99999999999994], "episode_types": ["t", "t", "t", "t", "t", "t", "t", "t", "t", "t"]}