{"initial_reset_timestamp": 1558268725.9777927, "timestamps": [1558268730.1875973, 1558268734.2367675, 1558268735.1872258, 1558268738.0136676, 1558268740.4880524, 1558268742.9455075, 1558268743.8570697, 1558268744.744697, 1558268747.9309056, 1558268750.4920335], "episode_lengths": [270, 264, 67, 207, 181, 181, 67, 67, 207, 184], "episode_rewards": [1860.6000000000017, 1846.8000000000015, 505.69999999999993, 1470.9000000000005, 1273.4, 1286.4, 510.69999999999993, 510.69999999999993, 1469.9000000000005, 1256.4], "episode_types": ["t", "t", "t", "t", "t", "t", "t", "t", "t", "t"]}