{"initial_reset_timestamp": 1558268422.990781, "timestamps": [1558268425.5600889, 1558268426.286494, 1558268428.9384446, 1558268432.6944773, 1558268439.9025362, 1558268440.7065058, 1558268442.7022197, 1558268442.9575615, 1558268446.3408241, 1558268450.297271], "episode_lengths": [166, 44, 189, 272, 472, 59, 146, 19, 222, 285], "episode_rewards": [1385.7000000000003, 374.2, 1531.3000000000006, 2253.600000000002, 4202.600000000005, 502.8999999999999, 1227.6, 176.7, 1835.1000000000013, 2362.8000000000025], "episode_types": ["t", "t", "t", "t", "t", "t", "t", "t", "t", "t"]}