{"initial_reset_timestamp": 1558178843.6961145, "timestamps": [1558178844.1558847, 1558178844.9617608, 1558178845.5362482, 1558178845.885316, 1558178846.213436, 1558178847.3753297, 1558178847.6835063, 1558178848.0166154, 1558178848.4026003, 1558178848.7587929], "episode_lengths": [25, 47, 40, 24, 25, 83, 23, 25, 23, 24], "episode_rewards": [218.6, 377.09999999999997, 341.3, 218.6, 222.6, 649.3999999999997, 210.6, 222.6, 210.6, 214.6], "episode_types": ["t", "t", "t", "t", "t", "t", "t", "t", "t", "t"]}