{"initial_reset_timestamp": 1558154959.8676438, "timestamps": [1558154961.8824272, 1558154962.1956723, 1558154962.9935389, 1558154963.0912771, 1558154963.7684665, 1558154964.2162688, 1558154964.5673304, 1558154964.9911966, 1558154965.7853396, 1558154966.194273, 1558154966.5473268, 1558154966.7647443, 1558154967.2634113, 1558154967.3780792, 1558154967.843834, 1558154967.9804928, 1558154969.1284232, 1558154969.2062156, 1558154969.2710423, 1558154969.3288622, 1558154969.7926474, 1558154970.1895885, 1558154970.561593, 1558154970.8019488, 1558154971.3943639, 1558154971.8760793, 1558154972.1822577, 1558154972.6112669, 1558154973.1338704, 1558154973.7083335, 1558154974.1830633, 1558154974.2379177, 1558154974.7106571, 1558154975.1155455, 1558154975.5822976, 1558154975.6062336, 1558154975.7199297, 1558154976.319351, 1558154976.996541, 1558154977.2349026, 1558154977.7096353, 1558154977.9539804, 1558154978.7408512, 1558154978.8236299, 1558154979.7541413, 1558154980.1889787, 1558154980.2288718, 1558154980.2946956, 1558154981.5024927, 1558154981.7887278, 1558154981.8714802, 1558154981.9782202, 1558154982.9945018, 1558154983.4153757, 1558154983.6846552, 1558154984.0197604, 1558154984.691962, 1558154985.099873, 1558154985.3442225, 1558154985.4040344, 1558154985.7441502, 1558154986.7015896, 1558154987.111492, 1558154987.135403, 1558154987.8744538, 1558154988.307294, 1558154988.5356834, 1558154988.5596197, 1558154989.0483134, 1558154989.4412622, 1558154990.0865116, 1558154990.2680507, 1558154990.7816772, 1558154991.8338656, 1558154991.946562, 1558154991.9924402, 1558154992.3225322, 1558154993.3398116, 1558154993.6479876, 1558154994.08083, 1558154995.0153315, 1558154995.4053414, 1558154995.4292772, 1558154995.531006, 1558154996.0167067, 1558154996.2949626, 1558154996.676941, 1558154997.4020042, 1558154997.9884336, 1558154998.114098, 1558154998.2347507, 1558154998.6406925, 1558154999.415593, 1558154999.8254964, 1558154999.8753633, 1558154999.8992994, 1558155000.5595584, 1558155000.9026408, 1558155001.0173345, 1558155001.0801675], "episode_lengths": [291, 125, 414, 52, 325, 237, 189, 229, 380, 205, 189, 117, 250, 51, 253, 73, 625, 41, 34, 30, 246, 213, 201, 129, 318, 259, 157, 189, 267, 309, 253, 29, 256, 221, 253, 12, 58, 323, 365, 124, 254, 131, 429, 44, 503, 237, 21, 34, 656, 154, 44, 57, 547, 205, 144, 181, 356, 221, 127, 31, 181, 517, 221, 12, 353, 213, 122, 12, 259, 189, 349, 89, 274, 566, 60, 24, 175, 557, 168, 236, 500, 205, 12, 54, 260, 141, 205, 381, 313, 67, 56, 222, 420, 224, 26, 12, 354, 185, 61, 33], "episode_rewards": [315.0, 126.0, 325.0, 21.0, 294.0, 273.0, 63.0, 220.0, 336.0, 147.0, 147.0, 147.0, 336.0, 21.0, 315.0, 84.0, 672.0, 42.0, 21.0, 21.0, 189.0, 126.0, 126.0, 126.0, 294.0, 231.0, 63.0, 136.0, 294.0, 336.0, 105.0, 21.0, 294.0, 147.0, 231.0, 0.0, 42.0, 315.0, 294.0, 42.0, 252.0, 84.0, 398.0, 21.0, 504.0, 168.0, 0.0, 21.0, 651.0, 105.0, 42.0, 42.0, 504.0, 210.0, 136.0, 220.0, 420.0, 231.0, 105.0, 0.0, 210.0, 378.0, 168.0, 0.0, 420.0, 189.0, 126.0, 0.0, 336.0, 126.0, 273.0, 73.0, 294.0, 462.0, 62.0, 21.0, 147.0, 399.0, 105.0, 252.0, 504.0, 178.0, 0.0, 21.0, 252.0, 126.0, 126.0, 314.0, 315.0, 0.0, 42.0, 168.0, 462.0, 231.0, 0.0, 0.0, 462.0, 147.0, 21.0, 21.0], "episode_types": ["t", "t", "t", "t", "t", "t", "t", "t", "t", "t", "t", "t", "t", "t", "t", "t", "t", "t", "t", "t", "t", "t", "t", "t", "t", "t", "t", "t", "t", "t", "t", "t", "t", "t", "t", "t", "t", "t", "t", "t", "t", "t", "t", "t", "t", "t", "t", "t", "t", "t", "t", "t", "t", "t", "t", "t", "t", "t", "t", "t", "t", "t", "t", "t", "t", "t", "t", "t", "t", "t", "t", "t", "t", "t", "t", "t", "t", "t", "t", "t", "t", "t", "t", "t", "t", "t", "t", "t", "t", "t", "t", "t", "t", "t", "t", "t", "t", "t", "t", "t"]}