{"initial_reset_timestamp": 1558173341.1800323, "timestamps": [1558173354.880625, 1558173358.9580727, 1558173367.75755, 1558173371.5812917, 1558173374.3329644, 1558173386.2383862, 1558173395.4311712, 1558173400.1627076, 1558173416.8880534, 1558173428.770279], "episode_lengths": [801, 275, 561, 284, 203, 741, 566, 345, 1066, 792], "episode_rewards": [5324.54999999998, 1999.100000000002, 4577.65, 2046.800000000002, 1510.700000000001, 6261.099999999984, 4606.249999999999, 2367.800000000003, 5248.849999999996, 6215.899999999989], "episode_types": ["t", "t", "t", "t", "t", "t", "t", "t", "t", "t"]}