{"initial_reset_timestamp": 1558268525.953792, "timestamps": [1558268527.6988566, 1558268529.5294175, 1558268530.8119628, 1558268532.3020043, 1558268533.6414218, 1558268534.8053093, 1558268536.3980527, 1558268537.826229, 1558268539.4350853, 1558268541.101605], "episode_lengths": [94, 122, 94, 113, 101, 88, 119, 107, 110, 122], "episode_rewards": [757.6999999999997, 986.0999999999996, 760.6999999999997, 894.2999999999997, 798.4999999999998, 723.7999999999997, 968.1999999999996, 887.3999999999996, 882.3999999999996, 988.0999999999996], "episode_types": ["t", "t", "t", "t", "t", "t", "t", "t", "t", "t"]}