{"initial_reset_timestamp": 1558268541.4736104, "timestamps": [1558268542.6355307, 1558268543.8203342, 1558268544.8835173, 1558268545.9047844, 1558268546.944006, 1558268547.9981816, 1558268549.0323973, 1558268550.0187805, 1558268550.7548902, 1558268551.7971032], "episode_lengths": [76, 77, 76, 76, 77, 78, 77, 74, 48, 75], "episode_rewards": [671.4999999999998, 678.4999999999998, 671.4999999999998, 669.4999999999998, 684.4999999999998, 687.4999999999998, 678.4999999999998, 662.5999999999998, 433.5999999999999, 665.4999999999998], "episode_types": ["t", "t", "t", "t", "t", "t", "t", "t", "t", "t"]}