{"initial_reset_timestamp": 1558178919.0198984, "timestamps": [1558178923.0710902, 1558178925.6911402, 1558178927.8413918, 1558178928.222369, 1558178928.5704415, 1558178928.971368, 1558178932.198738, 1558178932.5597725, 1558178933.0147462, 1558178933.3997138], "episode_lengths": [278, 178, 159, 29, 27, 31, 240, 28, 29, 27], "episode_rewards": [798.4999999999995, 670.4999999999999, 427.40000000000003, 253.5, 244.5, 258.4, 414.6999999999998, 244.5, 260.5, 241.5], "episode_types": ["t", "t", "t", "t", "t", "t", "t", "t", "t", "t"]}