{"initial_reset_timestamp": 1558268820.8734891, "timestamps": [1558268822.1221747, 1558268824.666347, 1558268829.471524, 1558268829.667972, 1558268834.3155708, 1558268844.4026039, 1558268846.8161497, 1558268850.5541537, 1558268858.7617834, 1558268865.8278768], "episode_lengths": [80, 170, 355, 15, 344, 736, 169, 262, 553, 521], "episode_rewards": [658.9999999999998, 1371.7000000000003, 2835.4000000000037, 144.8, 2780.2000000000035, 5854.299999999991, 1370.7000000000003, 2106.800000000002, 4436.000000000004, 4185.600000000006], "episode_types": ["t", "t", "t", "t", "t", "t", "t", "t", "t", "t"]}