{"initial_reset_timestamp": 1558268282.1273577, "timestamps": [1558268285.369687, 1558268288.507595, 1558268291.2323577, 1558268293.951192, 1558268296.7068236, 1558268298.2158368, 1558268300.103794, 1558268302.792719, 1558268306.4848797, 1558268309.2265527], "episode_lengths": [211, 204, 196, 199, 200, 110, 137, 197, 194, 199], "episode_rewards": [1643.800000000001, 1622.000000000001, 1585.1000000000008, 1606.1000000000008, 1609.000000000001, 896.8999999999996, 1119.2999999999997, 1599.1000000000008, 1560.2000000000007, 1595.1000000000008], "episode_types": ["t", "t", "t", "t", "t", "t", "t", "t", "t", "t"]}