{"initial_reset_timestamp": 1558178995.3739507, "timestamps": [1558178996.1229727, 1558178996.9636571, 1558178997.2508895, 1558178997.9689696, 1558178998.7109916, 1558178999.0849938, 1558178999.334327, 1558179000.1042652, 1558179000.7048233, 1558179001.5585423], "episode_lengths": [48, 37, 19, 53, 55, 28, 19, 57, 39, 60], "episode_rewards": [304.1, 314.3, 181.7, 308.0, 337.0, 263.5, 177.7, 297.90000000000003, 281.3, 322.79999999999995], "episode_types": ["t", "t", "t", "t", "t", "t", "t", "t", "t", "t"]}