{"initial_reset_timestamp": 1558178939.7998104, "timestamps": [1558178940.2755625, 1558178940.927843, 1558178941.466411, 1558178941.9710531, 1558178943.6754968, 1558178944.1123269, 1558178945.8576615, 1558178946.4022048, 1558178947.1444154, 1558178947.5692782], "episode_lengths": [30, 41, 38, 39, 127, 33, 130, 41, 49, 30], "episode_rewards": [262.5, 352.2, 325.3, 334.3, 1027.4999999999995, 281.40000000000003, 1053.3999999999996, 350.2, 388.1, 268.5], "episode_types": ["t", "t", "t", "t", "t", "t", "t", "t", "t", "t"]}