{"initial_reset_timestamp": 1558178816.5635402, "timestamps": [1558178817.8062165, 1558178818.5046463, 1558178819.12033, 1558178819.64196, 1558178820.2483137, 1558178821.0651536, 1558178822.5451996, 1558178823.0019786, 1558178823.7162223, 1558178824.268722], "episode_lengths": [80, 42, 41, 39, 45, 60, 108, 34, 46, 39], "episode_rewards": [568.4999999999998, 342.2, 353.7, 317.3, 397.19999999999993, 465.8999999999999, 772.8999999999997, 298.4, 357.09999999999997, 330.3], "episode_types": ["t", "t", "t", "t", "t", "t", "t", "t", "t", "t"]}