{"initial_reset_timestamp": 1558178636.6523707, "timestamps": [1558178641.417028, 1558178652.3623095, 1558178655.722348, 1558178656.6428862, 1558178659.2957923, 1558178665.7416236, 1558178666.7808442, 1558178670.8438137, 1558178675.3260825, 1558178679.5540683], "episode_lengths": [288, 633, 234, 65, 186, 388, 77, 286, 298, 294], "episode_rewards": [2310.8000000000025, 5128.799999999995, 1831.4000000000015, 537.7999999999998, 1529.3000000000006, 3422.8000000000043, 633.4999999999998, 2307.8000000000025, 2375.1000000000026, 2331.2000000000025], "episode_types": ["t", "t", "t", "t", "t", "t", "t", "t", "t", "t"]}