{"initial_reset_timestamp": 1558268253.8435104, "timestamps": [1558268255.965834, 1558268257.4340537, 1558268259.751857, 1558268260.810054, 1558268263.0032835, 1558268264.1970916, 1558268265.2732117, 1558268267.1950734, 1558268269.567728, 1558268271.7060788], "episode_lengths": [140, 95, 169, 79, 159, 88, 79, 140, 154, 153], "episode_rewards": [1158.1999999999998, 756.1999999999998, 1317.7000000000003, 667.4999999999998, 1261.4, 733.2999999999997, 661.4999999999998, 1146.2999999999997, 1228.5, 1228.0], "episode_types": ["t", "t", "t", "t", "t", "t", "t", "t", "t", "t"]}