{"initial_reset_timestamp": 1558268450.6622694, "timestamps": [1558268453.7320864, 1558268456.6385038, 1558268459.0350707, 1558268461.3868062, 1558268463.7175732, 1558268466.124113, 1558268468.7651649, 1558268471.1088724, 1558268473.614349, 1558268475.9511292], "episode_lengths": [198, 189, 173, 172, 170, 176, 192, 172, 160, 172], "episode_rewards": [1661.600000000001, 1630.3000000000009, 1475.1000000000006, 1466.6000000000006, 1472.6000000000006, 1496.5000000000005, 1652.700000000001, 1482.6000000000006, 1369.8000000000004, 1489.6000000000006], "episode_types": ["t", "t", "t", "t", "t", "t", "t", "t", "t", "t"]}