{"initial_reset_timestamp": 1558178933.7437708, "timestamps": [1558178934.484816, 1558178935.3819761, 1558178935.902583, 1558178936.3035114, 1558178936.7303708, 1558178937.2908683, 1558178937.7157352, 1558178938.325117, 1558178939.0039706, 1558178939.447752], "episode_lengths": [48, 41, 37, 31, 33, 43, 33, 44, 45, 32], "episode_rewards": [311.1, 329.20000000000005, 315.3, 240.40000000000003, 248.40000000000003, 339.20000000000005, 274.40000000000003, 318.20000000000005, 314.1, 242.40000000000003], "episode_types": ["t", "t", "t", "t", "t", "t", "t", "t", "t", "t"]}