{"initial_reset_timestamp": 1558178834.6551273, "timestamps": [1558178835.328353, 1558178836.2388206, 1558178836.947901, 1558178838.2594082, 1558178838.935625, 1558178839.4492507, 1558178840.14337, 1558178841.3312514, 1558178842.3976, 1558178843.3161306], "episode_lengths": [43, 36, 45, 69, 46, 39, 52, 88, 53, 52], "episode_rewards": [353.20000000000005, 302.3, 372.20000000000005, 566.6999999999998, 361.09999999999997, 322.30000000000007, 390.0, 659.2999999999998, 375.0, 384.0], "episode_types": ["t", "t", "t", "t", "t", "t", "t", "t", "t", "t"]}