{"initial_reset_timestamp": 1558178865.2858098, "timestamps": [1558178865.8642862, 1558178866.8403687, 1558178867.3599856, 1558178867.8726108, 1558178868.378257, 1558178869.2000597, 1558178870.0358233, 1558178870.4856205, 1558178871.0600846, 1558178871.58169], "episode_lengths": [36, 35, 37, 39, 39, 62, 63, 35, 38, 37], "episode_rewards": [331.29999999999995, 305.4, 322.3, 336.3, 301.3, 472.79999999999984, 479.29999999999984, 305.4, 331.3, 327.3], "episode_types": ["t", "t", "t", "t", "t", "t", "t", "t", "t", "t"]}