{"initial_reset_timestamp": 1558268770.8050447, "timestamps": [1558268771.524123, 1558268772.4815354, 1558268772.9363415, 1558268773.5267644, 1558268774.1321478, 1558268774.780388, 1558268775.151396, 1558268775.528412, 1558268776.0061345, 1558268776.5995517], "episode_lengths": [42, 42, 32, 43, 45, 48, 28, 28, 30, 42], "episode_rewards": [317.2, 324.2, 279.4, 334.2, 346.2, 352.09999999999997, 249.5, 246.5, 262.5, 347.2], "episode_types": ["t", "t", "t", "t", "t", "t", "t", "t", "t", "t"]}