{"initial_reset_timestamp": 1558268628.544823, "timestamps": [1558268631.8619769, 1558268636.0754867, 1558268639.8014984, 1558268643.4278007, 1558268647.042161, 1558268650.747253, 1558268654.326684, 1558268658.2192714, 1558268662.1408489, 1558268662.995563], "episode_lengths": [216, 256, 273, 267, 266, 271, 265, 289, 256, 62], "episode_rewards": [1746.7000000000012, 2017.900000000002, 2190.600000000002, 2154.700000000002, 2166.700000000002, 2180.600000000002, 2155.700000000002, 2196.3000000000025, 2095.900000000002, 496.79999999999984], "episode_types": ["t", "t", "t", "t", "t", "t", "t", "t", "t", "t"]}