{"initial_reset_timestamp": 1558154666.242909, "timestamps": [1558154677.0949974, 1558154681.1492224, 1558154681.6419048, 1558154682.1944265, 1558154682.773878, 1558154683.2785285, 1558154683.8719413, 1558154684.3596387, 1558154688.30422, 1558154688.9465027, 1558154689.5638518, 1558154690.103409, 1558154690.7855842, 1558154691.1895094, 1558154691.7240746, 1558154692.3404267, 1558154692.7952108, 1558154693.325792, 1558154695.3304312, 1558154696.0664732, 1558154696.671844, 1558154697.1196458, 1558154697.8327398, 1558154698.381273, 1558154698.6156456, 1558154699.1202967, 1558154699.6877794, 1558154703.6256034, 1558154704.3207443, 1558154706.2535756], "episode_lengths": [1000, 392, 285, 360, 364, 318, 383, 317, 381, 371, 378, 323, 423, 268, 348, 358, 289, 312, 1000, 435, 357, 280, 420, 326, 163, 313, 350, 381, 395, 936], "episode_rewards": [-14.24801339017605, 228.29528205654447, 235.97984990829454, 269.37935768848774, 212.8718144635532, 280.64858096417026, 264.7500053829543, 254.36641076181905, 220.24419453438134, 242.87725359089885, 222.88029152713437, 266.57583500286125, 229.12969996743033, 273.3715338841705, 298.5031677842284, 258.344098581774, 263.03002234636665, 238.14885530131744, -3.354313640652885, 206.95055866275897, 243.11320025471088, 253.44980566175118, 193.69389925402797, 262.478943357332, 21.894716599695826, 231.8456993898823, 251.91538973477995, 233.56826782499735, 238.46973955593617, 176.1498643076135], "episode_types": ["t", "t", "t", "t", "t", "t", "t", "t", "t", "t", "t", "t", "t", "t", "t", "t", "t", "t", "t", "t", "t", "t", "t", "t", "t", "t", "t", "t", "t", "t"]}