{"initial_reset_timestamp": 1558268675.4562795, "timestamps": [1558268676.731893, 1558268678.0683444, 1558268678.5969844, 1558268679.7432327, 1558268680.8702173, 1558268681.710969, 1558268683.2538435, 1558268684.4027717, 1558268685.6604083, 1558268686.4732342], "episode_lengths": [81, 83, 36, 84, 84, 63, 114, 85, 82, 58], "episode_rewards": [683.3999999999997, 702.3999999999997, 305.3, 711.3999999999997, 695.3999999999997, 515.8, 883.7999999999996, 715.2999999999997, 694.3999999999997, 492.8999999999999], "episode_types": ["t", "t", "t", "t", "t", "t", "t", "t", "t", "t"]}