{"initial_reset_timestamp": 1558178871.926742, "timestamps": [1558178872.2379355, 1558178872.573045, 1558178872.8343413, 1558178873.0956411, 1558178874.0052085, 1558178874.2724955, 1558178875.2608533, 1558178875.5071926, 1558178875.8724887, 1558178876.1427653], "episode_lengths": [18, 20, 18, 20, 69, 21, 75, 19, 23, 19], "episode_rewards": [134.7, 137.7, 127.7, 132.7, 544.6999999999998, 134.60000000000002, 512.5999999999999, 135.7, 172.60000000000002, 133.7], "episode_types": ["t", "t", "t", "t", "t", "t", "t", "t", "t", "t"]}