{"initial_reset_timestamp": 1558178824.63873, "timestamps": [1558178824.990816, 1558178825.5902107, 1558178826.913762, 1558178828.230239, 1558178829.5876057, 1558178830.4812167, 1558178831.1195097, 1558178831.8066745, 1558178833.826368, 1558178834.2951155], "episode_lengths": [20, 37, 95, 98, 101, 66, 47, 51, 136, 33], "episode_rewards": [183.7, 315.8, 783.6999999999997, 806.0999999999997, 797.9999999999997, 550.6999999999998, 402.59999999999997, 418.49999999999994, 845.2999999999995, 282.9], "episode_types": ["t", "t", "t", "t", "t", "t", "t", "t", "t", "t"]}