{"initial_reset_timestamp": 1558178989.2800007, "timestamps": [1558178989.669958, 1558178990.0120435, 1558178990.7730634, 1558178991.487154, 1558178991.7464364, 1558178992.2351565, 1558178992.949245, 1558178993.3591235, 1558178994.2479453, 1558178995.0269036], "episode_lengths": [24, 20, 55, 54, 20, 37, 54, 31, 59, 56], "episode_rewards": [204.6, 185.7, 469.99999999999994, 432.99999999999994, 187.7, 314.3, 426.9999999999999, 277.4, 484.8999999999999, 457.8999999999999], "episode_types": ["t", "t", "t", "t", "t", "t", "t", "t", "t", "t"]}