{"initial_reset_timestamp": 1558268309.6134884, "timestamps": [1558268310.5250506, 1558268311.5413327, 1558268312.469907, 1558268313.4014177, 1558268314.2990162, 1558268315.329262, 1558268316.2996745, 1558268317.2202046, 1558268318.3114207, 1558268319.326702], "episode_lengths": [56, 64, 67, 69, 66, 75, 71, 68, 71, 72], "episode_rewards": [473.8999999999999, 533.8, 541.1999999999998, 563.1999999999998, 551.1999999999998, 591.9999999999998, 559.5999999999999, 559.6999999999998, 582.0999999999998, 584.0999999999998], "episode_types": ["t", "t", "t", "t", "t", "t", "t", "t", "t", "t"]}