{"initial_reset_timestamp": 1558178947.9173224, "timestamps": [1558178948.313289, 1558178948.9416082, 1558178949.6188002, 1558178950.1044989, 1558178950.5572882, 1558178951.424965, 1558178951.728164, 1558178952.9179506, 1558178953.5126536, 1558178954.0392947], "episode_lengths": [24, 40, 48, 37, 35, 66, 23, 90, 39, 37], "episode_rewards": [215.6, 330.30000000000007, 346.1, 311.3, 300.4, 519.6999999999998, 213.6, 594.2999999999998, 323.3, 316.3], "episode_types": ["t", "t", "t", "t", "t", "t", "t", "t", "t", "t"]}