{"initial_reset_timestamp": 1558179014.7793148, "timestamps": [1558179015.2371151, 1558179015.5422747, 1558179015.9691582, 1558179016.2653656, 1558179016.5087147, 1558179016.8188858, 1558179017.1190827, 1558179017.4152906, 1558179017.7154875, 1558179017.9857645], "episode_lengths": [29, 18, 31, 23, 19, 24, 23, 23, 19, 19], "episode_rewards": [150.5, 147.7, 255.40000000000003, 178.60000000000002, 143.7, 184.60000000000002, 163.6, 163.6, 151.7, 145.7], "episode_types": ["t", "t", "t", "t", "t", "t", "t", "t", "t", "t"]}